display_name,stub,dropdown_parent
Come On In,/,
Find Your Way Around
The Vestibule,/vestibule.html,Find Your Way Around
The Parlour,/parlour.html,Find Your Way Around
The Office,/office.html,Find Your Way Around
dreamspace,/dreamspace.html,Find Your Way Around
The Secret Passage,/secretpassage.html,Find Your Way Around
The Cry Room,/cryroom.html,Find Your Way Around
The Fuse Box,/fusebox.html,Find Your Way Around
The Garden,/garden.html,Find Your Way Around
The Back Gate,/backgate.html,Find Your Way Around
Ways of Looking
Connections,/subjects.html,Ways of Looking
Locations,/locations.html,Ways of Looking
Cartography,/map.html,Ways of Looking
Chronology,/timeline.html,Ways of Looking
The Macro View
Be(ing) Nosy,/browse.html,The Macro View
Be(ing) Nerdy,/data.html,The Macro View
Colophon,/about.html,
